U+00A0	 	 !	NO-BREAK SPACE
U+00A1	¡	@!	INVERTED EXCLAMATION MARK
U+00A7	§	so	SECTION SIGN
U+00AB	«	<<	LEFT-POINTING DOUBLE ANGLE QUOTATION MARK
U+00B6	¶	P|	PILCROW SIGN
U+00B7	·	^.	MIDDLE DOT
U+00BB	»	>>	RIGHT-POINTING DOUBLE ANGLE QUOTATION MARK
U+00BF	¿	@?	INVERTED QUESTION MARK
U+2010	‐	- 	HYPHEN
U+2011	‑	-!	NON-BREAKING HYPHEN
U+2012	‒	-0	FIGURE DASH
U+2013	–	-n	EN DASH
U+2014	—	-m	EM DASH
U+2018	‘	'6	LEFT SINGLE QUOTATION MARK
U+2019	’	'9	RIGHT SINGLE QUOTATION MARK
U+201A	‚	',	SINGLE LOW-9 QUOTATION MARK
U+201B	‛	'\	SINGLE HIGH-REVERSED-9 QUOTATION MARK
U+201C	“	"6	LEFT DOUBLE QUOTATION MARK
U+201D	”	"9	RIGHT DOUBLE QUOTATION MARK
U+201E	„	",	DOUBLE LOW-9 QUOTATION MARK
U+201F	‟	"\	DOUBLE HIGH-REVERSED-9 QUOTATION MARK
U+2020	†	|+	DAGGER
U+2021	‡	++	DOUBLE DAGGER
U+2022	•	*-	BULLET
U+2026	…	..	HORIZONTAL ELLIPSIS
U+2027	‧	.-	HYPHENATION POINT
U+2030	‰	%o	PER MILLE SIGN
U+2032	′	1'	PRIME
U+2033	″	2'	DOUBLE PRIME
U+2039	‹	< 	SINGLE LEFT-POINTING ANGLE QUOTATION MARK
U+203A	›	> 	SINGLE RIGHT-POINTING ANGLE QUOTATION MARK
U+00AC	¬	-,	NOT SIGN
U+00B1	±	+-	PLUS-MINUS SIGN
U+00D7	×	x 	MULTIPLICATION SIGN
U+00F7	÷	:-	DIVISION SIGN
U+2044	⁄	/ 	FRACTION SLASH
U+2190	←	-<	LEFTWARDS ARROW
U+2191	↑	|^	UPWARDS ARROW
U+2192	→	->	RIGHTWARDS ARROW
U+2193	↓	|v	DOWNWARDS ARROW
U+2194	↔	<->	LEFT RIGHT ARROW
U+21A6	↦	|>	RIGHTWARDS ARROW FROM BAR
U+2200	∀	@A	FOR ALL
U+2202	∂	pd	PARTIAL DIFFERENTIAL
U+2203	∃	@E	THERE EXISTS
U+2204	∄	/@E	THERE DOES NOT EXIST
U+2205	∅	{}	EMPTY SET
U+2206	∆	De	INCREMENT
U+2207	∇	@De	NABLA
U+2208	∈	(-	ELEMENT OF
U+2209	∉	/(-	NOT AN ELEMENT OF
U+220E	∎	QED	END OF PROOF
U+220F	∏	n*	N-ARY PRODUCT
U+2211	∑	n+	N-ARY SUMMATION
U+2212	−	- 	MINUS SIGN
U+2213	∓	-+	MINUS-OR-PLUS SIGN
U+2215	∕	//	DIVISION SLASH
U+2216	∖	\ 	SET MINUS
U+221A	√	r2	SQUARE ROOT
U+221B	∛	r3	CUBE ROOT
U+221E	∞	oo	INFINITY
U+2223	∣	| 	DIVIDES
U+2224	∤	/|	DOES NOT DIVIDE
U+2225	∥	2|	PARALLEL TO
U+2226	∦	/2|	NOT PARALLEL TO
U+2227	∧	/\	LOGICAL AND
U+2228	∨	\/	LOGICAL OR
U+2229	∩	@u	INTERSECTION
U+222A	∪	u 	UNION
U+222B	∫	1s	INTEGRAL
U+222C	∬	2s	DOUBLE INTEGRAL
U+222D	∭	3s	TRIPLE INTEGRAL
U+222E	∮	o1s	CONTOUR INTEGRAL
U+222F	∯	o2s	SURFACE INTEGRAL
U+2230	∰	o3s	VOLUME INTEGRAL
U+2231	∱	>s	CLOCKWISE INTEGRAL
U+2232	∲	o>s	CLOCKWISE CONTOUR INTEGRAL
U+2233	∳	o<s	ANTICLOCKWISE CONTOUR INTEGRAL
U+2234	∴	:.	THEREFORE
U+2235	∵	.:	BECAUSE
U+2248	≈	~~	ALMOST EQUAL TO
U+2260	≠	/=	NOT EQUAL TO
U+2261	≡	=_	IDENTICAL TO
U+2262	≢		NOT IDENTICAL TO
U+2264	≤	<=	LESS-THAN OR EQUAL TO
U+2265	≥	>=	GREATER-THAN OR EQUAL TO
U+2282	⊂	( 	SUBSET OF
U+2283	⊃	) 	SUPERSET OF
U+2284	⊄	/(	NOT A SUBSET OF
U+2285	⊅	/)	NOT A SUPERSET OF
U+2286	⊆	(=	SUBSET OF OR EQUAL TO
U+2287	⊇	)=	SUPERSET OF OR EQUAL TO
U+2288	⊈	/=(	NEITHER A SUBSET OF NOR EQUAL TO
U+2289	⊉	/=)	NEITHER A SUPERSET OF NOR EQUAL TO
U+22A2	⊢	T>	RIGHT TACK
U+22A3	⊣	T<	LEFT TACK
U+22A4	⊤	Tv	DOWN TACK
U+22A5	⊥	T^	UP TACK
U+22A6	⊦	|-	ASSERTION
U+22A7	⊧	|:	MODELS
U+22A8	⊨	|=	TRUE
U+22C0	⋀	n/\	N-ARY LOGICAL AND
U+22C1	⋁	n\/	N-ARY LOGICAL OR
U+22C2	⋂	n@u	N-ARY INTERSECTION
U+22C3	⋃	nu	N-ARY UNION
U+00B2	²	^2	SUPERSCRIPT TWO
U+00B3	³	^3	SUPERSCRIPT THREE
U+00B9	¹	^1	SUPERSCRIPT ONE
U+00BC	¼	1/4	VULGAR FRACTION ONE QUARTER
U+00BD	½	1/2	VULGAR FRACTION ONE HALF
U+00BE	¾	3/4	VULGAR FRACTION THREE QUARTERS
U+2070	⁰	^0	SUPERSCRIPT ZERO
U+2074	⁴	^4	SUPERSCRIPT FOUR
U+2075	⁵	^5	SUPERSCRIPT FIVE
U+2076	⁶	^6	SUPERSCRIPT SIX
U+2077	⁷	^7	SUPERSCRIPT SEVEN
U+2078	⁸	^8	SUPERSCRIPT EIGHT
U+2079	⁹	^9	SUPERSCRIPT NINE
U+2080	₀	_0	SUBSCRIPT ZERO
U+2081	₁	_1	SUBSCRIPT ONE
U+2082	₂	_2	SUBSCRIPT TWO
U+2083	₃	_3	SUBSCRIPT THREE
U+2084	₄	_4	SUBSCRIPT FOUR
U+2085	₅	_5	SUBSCRIPT FIVE
U+2086	₆	_6	SUBSCRIPT SIX
U+2087	₇	_7	SUBSCRIPT SEVEN
U+2088	₈	_8	SUBSCRIPT EIGHT
U+2089	₉	_9	SUBSCRIPT NINE
U+2150	⅐	1/7	VULGAR FRACTION ONE SEVENTH
U+2151	⅑	1/9	VULGAR FRACTION ONE NINTH
U+2152	⅒	1/10	VULGAR FRACTION ONE TENTH
U+2153	⅓	1/3	VULGAR FRACTION ONE THIRD
U+2154	⅔	2/3	VULGAR FRACTION TWO THIRDS
U+2155	⅕	1/5	VULGAR FRACTION ONE FIFTH
U+2156	⅖	2/5	VULGAR FRACTION TWO FIFTHS
U+2157	⅗	3/5	VULGAR FRACTION THREE FIFTHS
U+2158	⅘	4/5	VULGAR FRACTION FOUR FIFTHS
U+2159	⅙	1/6	VULGAR FRACTION ONE SIXTH
U+215A	⅚	5/6	VULGAR FRACTION FIVE SIXTHS
U+215B	⅛	1/8	VULGAR FRACTION ONE EIGHTH
U+215C	⅜	3/8	VULGAR FRACTION THREE EIGHTHS
U+215D	⅝	5/8	VULGAR FRACTION FIVE EIGHTHS
U+215E	⅞	7/8	VULGAR FRACTION SEVEN EIGHTHS
U+00A2	¢	=c	CENT SIGN
U+00A3	£	=L	POUND SIGN
U+00A4	¤	=o	CURRENCY SIGN
U+00A5	¥	=Y	YEN SIGN
U+20AC	€	=e	EURO SIGN
U+20BF	₿	=B	BITCOIN SIGN
U+00A6	¦	|	BROKEN BAR
U+00A9	©	OC	COPYRIGHT SIGN
U+00AE	®	OR	REGISTERED SIGN
U+00B0	°	o^	DEGREE SIGN
U+2116	№	No	NUMERO SIGN
U+2122	™	TM	TRADE MARK SIGN
